Overall Accuracy,27.30%,273/1000

File,True Emotion,Predicted Emotion,Confidence
PublicTest_32851310.jpg,happy,Neutral,0.15
PublicTest_82140859.jpg,fear,Angry,0.16
PublicTest_40930163.jpg,happy,Fear,0.18
PublicTest_81977925.jpg,happy,Angry,0.17
PrivateTest_98031908.jpg,neutral,Fear,0.16
PublicTest_93035101.jpg,angry,Disgust,0.16
PublicTest_20185613.jpg,fear,Fear,0.17
PrivateTest_49077480.jpg,surprise,Disgust,0.17
PublicTest_53469582.jpg,sad,Angry,0.16
PublicTest_63607791.jpg,angry,Angry,0.17
PrivateTest_23171041.jpg,neutral,Fear,0.18
PublicTest_44457627.jpg,fear,Happy,0.18
PublicTest_41704060.jpg,happy,Disgust,0.16
PublicTest_34487688.jpg,sad,Angry,0.18
PrivateTest_13994896.jpg,sad,Fear,0.17
PublicTest_17473157.jpg,happy,Angry,0.18
PrivateTest_94943130.jpg,fear,Angry,0.16
PrivateTest_16463241.jpg,neutral,Fear,0.17
PrivateTest_23371947.jpg,surprise,Disgust,0.16
PrivateTest_43207789.jpg,surprise,Angry,0.16
PrivateTest_32329556.jpg,fear,Happy,0.15
PrivateTest_33861977.jpg,angry,Fear,0.17
PublicTest_56195310.jpg,sad,Fear,0.17
PublicTest_78811277.jpg,neutral,Fear,0.17
PrivateTest_54140791.jpg,happy,Fear,0.17
PrivateTest_78066989.jpg,happy,Angry,0.17
PrivateTest_22689070.jpg,happy,Angry,0.17
PrivateTest_13248909.jpg,happy,Fear,0.18
PrivateTest_19671520.jpg,disgust,Angry,0.17
PublicTest_82685854.jpg,angry,Angry,0.17
PrivateTest_82107734.jpg,neutral,Fear,0.16
PublicTest_3560560.jpg,surprise,Fear,0.17
PublicTest_84091760.jpg,surprise,Sad,0.17
PublicTest_42722923.jpg,happy,Angry,0.17
PrivateTest_56810617.jpg,fear,Angry,0.17
PrivateTest_58519097.jpg,neutral,Fear,0.15
PublicTest_5122477.jpg,sad,Fear,0.16
PrivateTest_3579299.jpg,happy,Fear,0.17
PrivateTest_81192130.jpg,neutral,Disgust,0.18
PublicTest_80884345.jpg,angry,Angry,0.18
PrivateTest_4868255.jpg,neutral,Angry,0.17
PublicTest_31832565.jpg,neutral,Fear,0.18
PublicTest_11644558.jpg,fear,Angry,0.18
PublicTest_80352203.jpg,surprise,Angry,0.17
PublicTest_53567370.jpg,sad,Angry,0.17
PublicTest_14504897.jpg,fear,Angry,0.17
PrivateTest_83024579.jpg,fear,Disgust,0.16
PrivateTest_7868121.jpg,happy,Angry,0.17
PrivateTest_4387990.jpg,happy,Disgust,0.17
PrivateTest_36879015.jpg,fear,Angry,0.16
PublicTest_24587909.jpg,fear,Angry,0.16
PublicTest_78768094.jpg,happy,Disgust,0.17
PrivateTest_33951605.jpg,angry,Happy,0.16
PublicTest_8501160.jpg,neutral,Disgust,0.18
PublicTest_66693020.jpg,sad,Fear,0.18
PublicTest_97580990.jpg,angry,Fear,0.16
PublicTest_12530044.jpg,fear,Angry,0.17
PublicTest_16609356.jpg,happy,Angry,0.16
PublicTest_63512926.jpg,happy,Fear,0.18
PublicTest_73869541.jpg,surprise,Sad,0.19
PrivateTest_97190139.jpg,surprise,Angry,0.16
PublicTest_5084106.jpg,sad,Angry,0.15
PublicTest_45566352.jpg,sad,Happy,0.17
PublicTest_91502575.jpg,angry,Fear,0.16
PrivateTest_71713293.jpg,sad,Angry,0.16
PrivateTest_91696872.jpg,happy,Angry,0.16
PublicTest_83014731.jpg,sad,Fear,0.16
PrivateTest_97852224.jpg,happy,Fear,0.16
PrivateTest_75218231.jpg,angry,Fear,0.16
PublicTest_28848742.jpg,angry,Disgust,0.18
PublicTest_53593603.jpg,happy,Angry,0.17
PublicTest_70470561.jpg,angry,Angry,0.16
PublicTest_77035165.jpg,angry,Angry,0.15
PrivateTest_67171604.jpg,happy,Disgust,0.17
PrivateTest_50540977.jpg,neutral,Fear,0.17
PublicTest_97661985.jpg,happy,Angry,0.17
PublicTest_75786377.jpg,disgust,Angry,0.17
PublicTest_58972839.jpg,fear,Sad,0.16
PublicTest_24449829.jpg,surprise,Angry,0.16
PrivateTest_22835672.jpg,neutral,Angry,0.17
PublicTest_68274080.jpg,fear,Angry,0.17
PublicTest_54608315.jpg,neutral,Angry,0.17
PrivateTest_21141582.jpg,neutral,Fear,0.18
PrivateTest_14530913.jpg,happy,Angry,0.16
PrivateTest_27895643.jpg,neutral,Disgust,0.17
PrivateTest_34210079.jpg,happy,Fear,0.16
PublicTest_28691129.jpg,sad,Sad,0.15
PrivateTest_26414992.jpg,fear,Angry,0.17
PrivateTest_52922759.jpg,angry,Angry,0.16
PublicTest_7556977.jpg,surprise,Disgust,0.16
PublicTest_69204976.jpg,neutral,Disgust,0.16
PublicTest_77274972.jpg,surprise,Fear,0.16
PublicTest_46929671.jpg,surprise,Angry,0.17
PrivateTest_56410190.jpg,happy,Angry,0.17
PublicTest_30887285.jpg,fear,Fear,0.18
PublicTest_97426469.jpg,sad,Fear,0.17
PublicTest_17985509.jpg,happy,Angry,0.16
PublicTest_29714936.jpg,sad,Disgust,0.17
PrivateTest_58947481.jpg,sad,Fear,0.16
PublicTest_9967827.jpg,sad,Fear,0.18
PrivateTest_46100411.jpg,happy,Fear,0.16
PrivateTest_41813428.jpg,sad,Angry,0.17
PrivateTest_50433951.jpg,neutral,Angry,0.16
PublicTest_3039573.jpg,sad,Angry,0.15
PrivateTest_72738387.jpg,neutral,Fear,0.17
PublicTest_28328252.jpg,surprise,Disgust,0.16
PrivateTest_66164599.jpg,surprise,Disgust,0.18
PublicTest_68853210.jpg,angry,Angry,0.17
PrivateTest_33970283.jpg,neutral,Fear,0.17
PublicTest_90494085.jpg,neutral,Angry,0.19
PrivateTest_79285240.jpg,fear,Sad,0.17
PublicTest_73664955.jpg,sad,Angry,0.17
PublicTest_13905296.jpg,neutral,Angry,0.18
PublicTest_29286867.jpg,sad,Disgust,0.18
PrivateTest_47284533.jpg,surprise,Disgust,0.18
PublicTest_21832858.jpg,happy,Fear,0.16
PrivateTest_72658104.jpg,fear,Fear,0.18
PrivateTest_34526396.jpg,fear,Fear,0.17
PublicTest_91780905.jpg,surprise,Neutral,0.15
PublicTest_95058441.jpg,sad,Angry,0.16
PublicTest_97376000.jpg,neutral,Angry,0.17
PrivateTest_77565409.jpg,happy,Fear,0.16
PrivateTest_27226756.jpg,happy,Angry,0.16
PublicTest_28340669.jpg,happy,Fear,0.17
PrivateTest_6587334.jpg,surprise,Disgust,0.17
PrivateTest_96118094.jpg,fear,Angry,0.17
PublicTest_14075653.jpg,angry,Fear,0.17
PublicTest_30156147.jpg,happy,Angry,0.19
PublicTest_3598893.jpg,fear,Fear,0.19
PrivateTest_95750691.jpg,sad,Angry,0.17
PublicTest_31756938.jpg,sad,Disgust,0.17
PublicTest_24421678.jpg,fear,Angry,0.17
PrivateTest_71636588.jpg,happy,Fear,0.17
PublicTest_21404225.jpg,sad,Fear,0.16
PublicTest_15092823.jpg,neutral,Fear,0.17
PrivateTest_64629991.jpg,surprise,Disgust,0.16
PublicTest_52739184.jpg,angry,Angry,0.17
PrivateTest_5943934.jpg,surprise,Angry,0.16
PrivateTest_47415655.jpg,neutral,Angry,0.17
PublicTest_30185681.jpg,happy,Angry,0.17
PrivateTest_25630075.jpg,happy,Angry,0.16
PublicTest_5643728.jpg,sad,Disgust,0.17
PrivateTest_49578545.jpg,happy,Angry,0.17
PrivateTest_11251019.jpg,fear,Fear,0.17
PrivateTest_38836037.jpg,surprise,Sad,0.21
PrivateTest_30802398.jpg,angry,Angry,0.16
PrivateTest_38820611.jpg,neutral,Angry,0.17
PrivateTest_96715686.jpg,sad,Angry,0.17
PublicTest_15146220.jpg,happy,Angry,0.17
PublicTest_97476336.jpg,disgust,Fear,0.18
PublicTest_1534576.jpg,neutral,Fear,0.17
PrivateTest_76837327.jpg,angry,Fear,0.17
PublicTest_77228617.jpg,fear,Angry,0.17
PrivateTest_52109800.jpg,happy,Disgust,0.17
PublicTest_17603948.jpg,sad,Fear,0.17
PublicTest_70106735.jpg,sad,Fear,0.16
PublicTest_59547782.jpg,angry,Surprise,0.15
PrivateTest_36744300.jpg,sad,Fear,0.18
PublicTest_12006719.jpg,neutral,Fear,0.20
PublicTest_87302299.jpg,neutral,Angry,0.17
PublicTest_97409597.jpg,surprise,Angry,0.16
PublicTest_59401293.jpg,happy,Angry,0.18
PrivateTest_59948040.jpg,happy,Fear,0.16
PrivateTest_40212958.jpg,happy,Fear,0.18
PublicTest_86781056.jpg,sad,Disgust,0.16
PublicTest_29746792.jpg,sad,Fear,0.16
PrivateTest_54106900.jpg,angry,Angry,0.17
PublicTest_24599099.jpg,fear,Angry,0.17
PublicTest_99801821.jpg,fear,Angry,0.17
PrivateTest_6824440.jpg,sad,Disgust,0.18
PrivateTest_79961256.jpg,happy,Angry,0.16
PublicTest_39234195.jpg,sad,Neutral,0.15
PublicTest_64135505.jpg,happy,Disgust,0.16
PublicTest_63973159.jpg,sad,Fear,0.16
PublicTest_21267677.jpg,neutral,Fear,0.18
PrivateTest_72173710.jpg,fear,Neutral,0.16
PrivateTest_85409547.jpg,fear,Angry,0.17
PrivateTest_2283840.jpg,surprise,Angry,0.16
PrivateTest_97281624.jpg,happy,Angry,0.17
PrivateTest_91691557.jpg,happy,Fear,0.16
PrivateTest_43360059.jpg,happy,Angry,0.16
PublicTest_18768.jpg,happy,Fear,0.17
PrivateTest_51551462.jpg,angry,Fear,0.18
PublicTest_54093298.jpg,fear,Angry,0.17
PublicTest_23252039.jpg,sad,Fear,0.18
PrivateTest_76656607.jpg,disgust,Fear,0.17
PublicTest_17047937.jpg,surprise,Angry,0.16
PublicTest_81609364.jpg,sad,Angry,0.16
PrivateTest_51716447.jpg,angry,Sad,0.16
PublicTest_75875276.jpg,happy,Happy,0.16
PublicTest_605316.jpg,neutral,Angry,0.16
PrivateTest_76550689.jpg,angry,Fear,0.16
PrivateTest_18691574.jpg,happy,Fear,0.17
PrivateTest_12372270.jpg,neutral,Angry,0.17
PrivateTest_29873933.jpg,neutral,Sad,0.18
PublicTest_98301645.jpg,fear,Angry,0.18
PublicTest_94892531.jpg,angry,Fear,0.16
PublicTest_32792872.jpg,neutral,Happy,0.16
PrivateTest_45199074.jpg,neutral,Fear,0.18
PublicTest_84275164.jpg,sad,Fear,0.18
PrivateTest_698548.jpg,neutral,Angry,0.18
PrivateTest_53155019.jpg,sad,Sad,0.16
PublicTest_17017376.jpg,angry,Fear,0.17
PrivateTest_38870366.jpg,sad,Fear,0.16
PrivateTest_9856991.jpg,sad,Disgust,0.16
PrivateTest_65315809.jpg,neutral,Fear,0.16
PrivateTest_92295749.jpg,fear,Angry,0.16
PublicTest_67087752.jpg,angry,Angry,0.15
PublicTest_73964302.jpg,sad,Fear,0.17
PublicTest_33630556.jpg,neutral,Angry,0.16
PublicTest_97844767.jpg,neutral,Fear,0.18
PublicTest_82552414.jpg,fear,Angry,0.16
PrivateTest_36830391.jpg,sad,Angry,0.17
PrivateTest_60641556.jpg,happy,Angry,0.18
PrivateTest_24344951.jpg,happy,Fear,0.19
PrivateTest_71883356.jpg,disgust,Disgust,0.17
PublicTest_28707949.jpg,sad,Fear,0.17
PrivateTest_73874573.jpg,neutral,Fear,0.16
PrivateTest_4014756.jpg,happy,Disgust,0.16
PrivateTest_45140644.jpg,sad,Sad,0.16
PrivateTest_55936523.jpg,fear,Happy,0.16
PublicTest_16854328.jpg,neutral,Sad,0.16
PublicTest_66101683.jpg,surprise,Angry,0.18
PrivateTest_60065393.jpg,disgust,Angry,0.16
PublicTest_24268857.jpg,neutral,Surprise,0.17
PublicTest_77723397.jpg,neutral,Fear,0.16
PrivateTest_3551609.jpg,fear,Fear,0.18
PrivateTest_59996558.jpg,neutral,Disgust,0.17
PublicTest_51458119.jpg,fear,Sad,0.17
PublicTest_69351314.jpg,sad,Angry,0.17
PrivateTest_99602282.jpg,sad,Surprise,0.16
PrivateTest_53634197.jpg,fear,Angry,0.18
PublicTest_94771272.jpg,angry,Fear,0.19
PublicTest_66956737.jpg,angry,Angry,0.17
PublicTest_21312247.jpg,neutral,Angry,0.16
PrivateTest_8805398.jpg,happy,Sad,0.16
PublicTest_97098619.jpg,angry,Angry,0.15
PrivateTest_37884040.jpg,happy,Angry,0.18
PublicTest_59596378.jpg,neutral,Fear,0.18
PublicTest_35575543.jpg,fear,Angry,0.16
PrivateTest_13683211.jpg,surprise,Happy,0.16
PrivateTest_90613028.jpg,fear,Happy,0.18
PublicTest_22445711.jpg,happy,Disgust,0.16
PrivateTest_12400594.jpg,surprise,Fear,0.16
PublicTest_75954112.jpg,sad,Angry,0.16
PrivateTest_49253639.jpg,angry,Sad,0.16
PrivateTest_44328873.jpg,fear,Fear,0.17
PrivateTest_34599463.jpg,sad,Angry,0.17
PublicTest_31501222.jpg,sad,Angry,0.17
PublicTest_61453734.jpg,surprise,Sad,0.18
PublicTest_90423571.jpg,sad,Fear,0.18
PrivateTest_34601276.jpg,surprise,Fear,0.18
PrivateTest_90976090.jpg,sad,Sad,0.15
PrivateTest_54555933.jpg,happy,Angry,0.16
PrivateTest_72320360.jpg,happy,Fear,0.19
PrivateTest_40295337.jpg,surprise,Disgust,0.17
PublicTest_57583458.jpg,disgust,Angry,0.16
PublicTest_21255570.jpg,fear,Angry,0.18
PrivateTest_26527834.jpg,sad,Fear,0.18
PrivateTest_88764149.jpg,sad,Angry,0.18
PublicTest_65592818.jpg,happy,Disgust,0.16
PrivateTest_62778623.jpg,surprise,Angry,0.17
PublicTest_30197896.jpg,happy,Fear,0.17
PublicTest_61713521.jpg,fear,Disgust,0.17
PrivateTest_20544030.jpg,neutral,Fear,0.16
PrivateTest_95213268.jpg,happy,Fear,0.18
PublicTest_81354018.jpg,happy,Fear,0.17
PublicTest_23808994.jpg,fear,Angry,0.17
PrivateTest_48402123.jpg,surprise,Angry,0.16
PublicTest_46498247.jpg,neutral,Angry,0.16
PublicTest_21099480.jpg,neutral,Fear,0.16
PublicTest_78623112.jpg,sad,Fear,0.17
PublicTest_72026283.jpg,surprise,Angry,0.16
PrivateTest_39470132.jpg,angry,Angry,0.17
PublicTest_70347145.jpg,happy,Fear,0.17
PrivateTest_29089823.jpg,happy,Angry,0.16
PublicTest_86236119.jpg,happy,Fear,0.18
PublicTest_92163287.jpg,surprise,Angry,0.16
PublicTest_4422105.jpg,sad,Disgust,0.17
PrivateTest_98947037.jpg,disgust,Fear,0.19
PrivateTest_24612063.jpg,neutral,Disgust,0.17
PublicTest_63069551.jpg,surprise,Angry,0.17
PublicTest_34334611.jpg,surprise,Angry,0.16
PrivateTest_75524872.jpg,happy,Angry,0.16
PrivateTest_43692546.jpg,angry,Disgust,0.18
PrivateTest_4956142.jpg,happy,Angry,0.17
PrivateTest_8892381.jpg,happy,Fear,0.18
PrivateTest_33463963.jpg,happy,Sad,0.17
PublicTest_68104078.jpg,neutral,Angry,0.17
PublicTest_12707362.jpg,happy,Disgust,0.17
PrivateTest_37836649.jpg,sad,Fear,0.16
PrivateTest_58919170.jpg,neutral,Angry,0.16
PrivateTest_44742499.jpg,surprise,Disgust,0.17
PublicTest_75764670.jpg,happy,Angry,0.18
PrivateTest_73808087.jpg,neutral,Angry,0.16
PrivateTest_58902458.jpg,happy,Disgust,0.18
PrivateTest_33746988.jpg,angry,Sad,0.17
PublicTest_28434609.jpg,sad,Angry,0.19
PrivateTest_85837893.jpg,angry,Angry,0.16
PrivateTest_6049065.jpg,happy,Angry,0.17
PrivateTest_76410281.jpg,happy,Angry,0.17
PublicTest_61886772.jpg,neutral,Angry,0.16
PrivateTest_31668995.jpg,sad,Angry,0.16
PrivateTest_51289612.jpg,angry,Fear,0.17
PrivateTest_62176553.jpg,sad,Disgust,0.15
PrivateTest_79401634.jpg,happy,Fear,0.17
PrivateTest_92062027.jpg,sad,Fear,0.18
PrivateTest_52947948.jpg,fear,Angry,0.16
PublicTest_14634017.jpg,fear,Fear,0.16
PrivateTest_68191465.jpg,happy,Disgust,0.17
PrivateTest_67336666.jpg,fear,Angry,0.16
PublicTest_78180569.jpg,surprise,Angry,0.16
PrivateTest_4002000.jpg,fear,Fear,0.16
PrivateTest_24600392.jpg,neutral,Fear,0.17
PrivateTest_66109599.jpg,neutral,Angry,0.17
PublicTest_11503793.jpg,neutral,Surprise,0.15
PublicTest_17954875.jpg,angry,Angry,0.18
PrivateTest_88221371.jpg,neutral,Angry,0.19
PrivateTest_67130088.jpg,happy,Fear,0.18
PrivateTest_22191391.jpg,sad,Fear,0.16
PrivateTest_70007495.jpg,happy,Fear,0.16
PrivateTest_87313924.jpg,happy,Fear,0.18
PublicTest_18058366.jpg,angry,Surprise,0.15
PrivateTest_62221086.jpg,neutral,Angry,0.16
PrivateTest_4690573.jpg,angry,Angry,0.18
PrivateTest_72618063.jpg,neutral,Fear,0.16
PrivateTest_65052275.jpg,sad,Fear,0.19
PrivateTest_29088731.jpg,happy,Fear,0.16
PublicTest_39105756.jpg,happy,Sad,0.16
PublicTest_28843796.jpg,happy,Fear,0.18
PublicTest_87833009.jpg,sad,Happy,0.17
PublicTest_78907529.jpg,disgust,Angry,0.16
PublicTest_93519587.jpg,sad,Angry,0.17
PublicTest_98020112.jpg,sad,Fear,0.16
PrivateTest_35759444.jpg,angry,Fear,0.16
PrivateTest_78045498.jpg,angry,Angry,0.17
PublicTest_21312852.jpg,sad,Angry,0.16
PrivateTest_44709368.jpg,fear,Angry,0.17
PublicTest_67808581.jpg,neutral,Disgust,0.16
PrivateTest_14704134.jpg,neutral,Fear,0.17
PrivateTest_82725382.jpg,angry,Disgust,0.16
PublicTest_67544144.jpg,sad,Angry,0.16
PublicTest_24465961.jpg,happy,Angry,0.17
PrivateTest_93344037.jpg,fear,Fear,0.18
PrivateTest_51910300.jpg,angry,Sad,0.15
PrivateTest_8943009.jpg,neutral,Sad,0.15
PublicTest_55177909.jpg,sad,Fear,0.16
PublicTest_99116679.jpg,sad,Fear,0.16
PublicTest_63310337.jpg,happy,Fear,0.18
PrivateTest_78787938.jpg,sad,Fear,0.17
PublicTest_17071643.jpg,happy,Angry,0.18
PublicTest_98594654.jpg,happy,Angry,0.16
PublicTest_21498023.jpg,angry,Disgust,0.17
PrivateTest_6658003.jpg,neutral,Fear,0.17
PublicTest_79513692.jpg,sad,Fear,0.15
PrivateTest_33156632.jpg,fear,Disgust,0.17
PrivateTest_99095470.jpg,neutral,Happy,0.16
PrivateTest_18347688.jpg,angry,Fear,0.18
PublicTest_17291388.jpg,happy,Angry,0.17
PrivateTest_38809207.jpg,surprise,Angry,0.18
PublicTest_60198319.jpg,neutral,Disgust,0.17
PrivateTest_19618455.jpg,fear,Fear,0.16
PublicTest_56920575.jpg,happy,Fear,0.16
PublicTest_939823.jpg,angry,Fear,0.17
PrivateTest_60567139.jpg,sad,Angry,0.16
PrivateTest_11724564.jpg,neutral,Fear,0.16
PublicTest_74866970.jpg,neutral,Fear,0.16
PrivateTest_66103789.jpg,happy,Angry,0.16
PublicTest_11387162.jpg,disgust,Angry,0.18
PublicTest_50782200.jpg,happy,Angry,0.15
PublicTest_16904324.jpg,happy,Fear,0.18
PrivateTest_46100504.jpg,neutral,Angry,0.17
PrivateTest_56650171.jpg,surprise,Disgust,0.17
PublicTest_59027649.jpg,fear,Angry,0.16
PublicTest_17539627.jpg,sad,Angry,0.18
PrivateTest_31313972.jpg,happy,Angry,0.17
PrivateTest_17989446.jpg,fear,Fear,0.15
PublicTest_56981414.jpg,angry,Disgust,0.16
PrivateTest_13051954.jpg,happy,Angry,0.17
PublicTest_18770630.jpg,angry,Disgust,0.16
PrivateTest_61539498.jpg,sad,Sad,0.19
PrivateTest_31896592.jpg,neutral,Sad,0.16
PublicTest_4773003.jpg,surprise,Angry,0.18
PrivateTest_87989162.jpg,angry,Fear,0.17
PrivateTest_56728980.jpg,sad,Fear,0.17
PublicTest_75909699.jpg,angry,Fear,0.17
PrivateTest_58152989.jpg,neutral,Fear,0.18
PublicTest_1936564.jpg,sad,Happy,0.18
PublicTest_55124186.jpg,angry,Disgust,0.16
PrivateTest_33008622.jpg,surprise,Angry,0.18
PublicTest_50196852.jpg,neutral,Fear,0.17
PublicTest_7632633.jpg,neutral,Fear,0.17
PublicTest_61207963.jpg,fear,Fear,0.16
PublicTest_26280063.jpg,surprise,Disgust,0.17
PrivateTest_5060451.jpg,sad,Fear,0.15
PublicTest_91506978.jpg,neutral,Angry,0.16
PrivateTest_47802632.jpg,neutral,Fear,0.17
PrivateTest_6908247.jpg,happy,Fear,0.16
PrivateTest_62018710.jpg,angry,Fear,0.16
PublicTest_59458907.jpg,sad,Disgust,0.16
PrivateTest_24065334.jpg,surprise,Angry,0.16
PrivateTest_78158043.jpg,angry,Angry,0.17
PublicTest_48874576.jpg,surprise,Angry,0.16
PrivateTest_77130003.jpg,surprise,Fear,0.16
PublicTest_2666482.jpg,happy,Fear,0.18
PublicTest_10303060.jpg,happy,Angry,0.16
PublicTest_32575449.jpg,surprise,Angry,0.16
PublicTest_26212146.jpg,happy,Angry,0.16
PublicTest_93645615.jpg,neutral,Fear,0.17
PublicTest_25512952.jpg,surprise,Angry,0.17
PrivateTest_21587712.jpg,neutral,Fear,0.15
PublicTest_64932365.jpg,happy,Fear,0.19
PrivateTest_66337101.jpg,neutral,Disgust,0.18
PrivateTest_95310439.jpg,surprise,Fear,0.16
PrivateTest_24015128.jpg,fear,Angry,0.17
PublicTest_36281063.jpg,sad,Fear,0.16
PrivateTest_72335984.jpg,neutral,Fear,0.20
PublicTest_85640402.jpg,angry,Fear,0.16
PublicTest_97525707.jpg,neutral,Fear,0.17
PrivateTest_97497386.jpg,happy,Disgust,0.16
PublicTest_81424820.jpg,surprise,Angry,0.15
PrivateTest_34696648.jpg,surprise,Happy,0.17
PrivateTest_91228271.jpg,fear,Angry,0.16
PublicTest_81549573.jpg,sad,Disgust,0.16
PublicTest_76755224.jpg,fear,Fear,0.17
PrivateTest_98354854.jpg,happy,Fear,0.17
PublicTest_64496362.jpg,fear,Fear,0.18
PublicTest_35421934.jpg,neutral,Angry,0.16
PublicTest_47273940.jpg,fear,Angry,0.16
PrivateTest_63840907.jpg,happy,Sad,0.17
PrivateTest_89947622.jpg,happy,Fear,0.15
PrivateTest_60124536.jpg,sad,Fear,0.17
PublicTest_56951379.jpg,happy,Angry,0.17
PublicTest_96920832.jpg,happy,Angry,0.16
PrivateTest_70901012.jpg,fear,Sad,0.16
PublicTest_11285899.jpg,sad,Happy,0.17
PublicTest_9847816.jpg,sad,Angry,0.15
PublicTest_58756471.jpg,fear,Disgust,0.18
PrivateTest_18885324.jpg,neutral,Disgust,0.18
PrivateTest_78373198.jpg,neutral,Disgust,0.16
PublicTest_32923630.jpg,sad,Angry,0.16
PublicTest_92255463.jpg,sad,Angry,0.19
PublicTest_24367513.jpg,happy,Fear,0.16
PrivateTest_84211245.jpg,angry,Fear,0.16
PublicTest_32730155.jpg,sad,Angry,0.16
PrivateTest_81041979.jpg,neutral,Fear,0.17
PublicTest_23734237.jpg,neutral,Fear,0.18
PublicTest_98414766.jpg,fear,Fear,0.16
PublicTest_19489926.jpg,neutral,Disgust,0.16
PrivateTest_71748648.jpg,surprise,Angry,0.17
PrivateTest_89184553.jpg,neutral,Fear,0.17
PublicTest_85118178.jpg,sad,Disgust,0.17
PublicTest_74185009.jpg,neutral,Angry,0.17
PrivateTest_11070306.jpg,happy,Angry,0.16
PublicTest_39057061.jpg,sad,Angry,0.17
PublicTest_16367587.jpg,sad,Fear,0.16
PublicTest_90439656.jpg,sad,Angry,0.17
PrivateTest_94238479.jpg,sad,Fear,0.16
PrivateTest_48402885.jpg,neutral,Disgust,0.16
PrivateTest_2328297.jpg,angry,Angry,0.16
PrivateTest_90725249.jpg,neutral,Angry,0.17
PrivateTest_57714576.jpg,happy,Angry,0.17
PublicTest_46663858.jpg,surprise,Fear,0.16
PublicTest_82319730.jpg,happy,Angry,0.17
PublicTest_33324770.jpg,sad,Fear,0.18
PrivateTest_7364353.jpg,happy,Fear,0.17
PrivateTest_28874658.jpg,neutral,Disgust,0.15
PrivateTest_18968304.jpg,neutral,Disgust,0.18
PublicTest_6008295.jpg,neutral,Sad,0.17
PrivateTest_17558149.jpg,fear,Sad,0.17
PrivateTest_8109968.jpg,angry,Angry,0.17
PublicTest_99626406.jpg,happy,Angry,0.17
PrivateTest_65810483.jpg,angry,Angry,0.16
PublicTest_56071206.jpg,neutral,Angry,0.17
PrivateTest_22355089.jpg,neutral,Disgust,0.16
PublicTest_49739228.jpg,surprise,Angry,0.15
PrivateTest_12766285.jpg,angry,Angry,0.17
PublicTest_38437094.jpg,sad,Angry,0.16
PublicTest_94978869.jpg,angry,Fear,0.16
PrivateTest_24655069.jpg,sad,Angry,0.16
PublicTest_17526108.jpg,sad,Neutral,0.15
PrivateTest_83754397.jpg,happy,Fear,0.18
PrivateTest_99709238.jpg,surprise,Disgust,0.16
PrivateTest_46832698.jpg,neutral,Angry,0.16
PublicTest_44912224.jpg,happy,Angry,0.16
PublicTest_99219117.jpg,neutral,Fear,0.19
PrivateTest_15847006.jpg,neutral,Disgust,0.16
PrivateTest_12667445.jpg,sad,Disgust,0.17
PublicTest_84605588.jpg,neutral,Disgust,0.17
PublicTest_79620437.jpg,happy,Fear,0.18
PrivateTest_66243445.jpg,happy,Fear,0.17
PrivateTest_23717683.jpg,neutral,Fear,0.17
PrivateTest_59818994.jpg,happy,Angry,0.18
PrivateTest_807646.jpg,disgust,Sad,0.16
PrivateTest_27211238.jpg,angry,Angry,0.16
PublicTest_53667303.jpg,happy,Angry,0.17
PrivateTest_49201051.jpg,neutral,Fear,0.17
PublicTest_70071887.jpg,angry,Fear,0.17
PublicTest_74227592.jpg,happy,Fear,0.16
PrivateTest_48885767.jpg,angry,Disgust,0.17
PublicTest_78017321.jpg,surprise,Surprise,0.17
PrivateTest_14444117.jpg,angry,Angry,0.16
PrivateTest_88502368.jpg,neutral,Angry,0.17
PrivateTest_66441948.jpg,neutral,Sad,0.17
PublicTest_29220579.jpg,neutral,Angry,0.16
PublicTest_79955666.jpg,neutral,Angry,0.16
PublicTest_53542593.jpg,surprise,Angry,0.15
PublicTest_60783446.jpg,sad,Fear,0.16
PublicTest_79983459.jpg,surprise,Sad,0.16
PublicTest_96291546.jpg,sad,Fear,0.17
PublicTest_5757720.jpg,fear,Sad,0.16
PublicTest_33629438.jpg,angry,Sad,0.16
PublicTest_69342366.jpg,neutral,Fear,0.17
PrivateTest_36887801.jpg,sad,Angry,0.15
PrivateTest_17716289.jpg,happy,Angry,0.17
PrivateTest_21760566.jpg,sad,Disgust,0.17
PrivateTest_9486917.jpg,angry,Disgust,0.17
PrivateTest_64921675.jpg,happy,Fear,0.17
PrivateTest_36889392.jpg,surprise,Fear,0.18
PublicTest_35775434.jpg,angry,Fear,0.18
PublicTest_19403573.jpg,fear,Fear,0.16
PublicTest_85325911.jpg,happy,Angry,0.18
PublicTest_41751585.jpg,fear,Disgust,0.17
PublicTest_32045.jpg,surprise,Fear,0.17
PublicTest_37740054.jpg,neutral,Angry,0.17
PublicTest_80404392.jpg,sad,Angry,0.17
PrivateTest_42317855.jpg,fear,Disgust,0.16
PrivateTest_97316864.jpg,sad,Fear,0.16
PublicTest_13722582.jpg,surprise,Fear,0.16
PublicTest_57762304.jpg,happy,Angry,0.16
PrivateTest_70085308.jpg,neutral,Angry,0.17
PublicTest_92086904.jpg,happy,Fear,0.17
PrivateTest_65073588.jpg,fear,Fear,0.18
PrivateTest_65693325.jpg,neutral,Fear,0.16
PublicTest_62056614.jpg,sad,Fear,0.16
PrivateTest_25410736.jpg,fear,Fear,0.17
PrivateTest_20789399.jpg,angry,Angry,0.17
PublicTest_61434389.jpg,fear,Fear,0.15
PublicTest_13142070.jpg,neutral,Happy,0.16
PrivateTest_47322087.jpg,sad,Fear,0.17
PublicTest_15665048.jpg,surprise,Disgust,0.17
PublicTest_15372592.jpg,sad,Surprise,0.16
PublicTest_45660596.jpg,fear,Angry,0.16
PrivateTest_34116257.jpg,sad,Sad,0.16
PublicTest_89359277.jpg,happy,Angry,0.18
PublicTest_34029739.jpg,happy,Fear,0.16
PrivateTest_50560883.jpg,happy,Surprise,0.15
PublicTest_50697101.jpg,sad,Fear,0.17
PrivateTest_78076860.jpg,happy,Angry,0.17
PrivateTest_30396990.jpg,sad,Disgust,0.18
PublicTest_67331274.jpg,happy,Fear,0.17
PublicTest_30068238.jpg,angry,Angry,0.16
PrivateTest_46315710.jpg,neutral,Angry,0.17
PublicTest_29660027.jpg,sad,Sad,0.18
PrivateTest_43056060.jpg,happy,Angry,0.18
PublicTest_65653301.jpg,happy,Disgust,0.16
PrivateTest_45595830.jpg,angry,Happy,0.16
PublicTest_87959338.jpg,surprise,Angry,0.17
PrivateTest_44564747.jpg,surprise,Angry,0.16
PrivateTest_62334812.jpg,happy,Fear,0.16
PublicTest_14220243.jpg,neutral,Fear,0.17
PublicTest_87724897.jpg,angry,Disgust,0.17
PrivateTest_71924149.jpg,fear,Disgust,0.18
PrivateTest_67666882.jpg,happy,Angry,0.16
PublicTest_34182409.jpg,sad,Disgust,0.15
PrivateTest_78701123.jpg,sad,Fear,0.16
PublicTest_79803230.jpg,happy,Sad,0.15
PrivateTest_69886581.jpg,angry,Fear,0.16
PublicTest_12828896.jpg,sad,Neutral,0.15
PrivateTest_66300077.jpg,surprise,Disgust,0.17
PublicTest_91846620.jpg,neutral,Fear,0.16
PublicTest_10780425.jpg,surprise,Surprise,0.16
PublicTest_67413951.jpg,fear,Fear,0.17
PrivateTest_54096394.jpg,angry,Angry,0.17
PublicTest_78074054.jpg,sad,Angry,0.16
PublicTest_55396594.jpg,sad,Fear,0.16
PublicTest_28247750.jpg,surprise,Disgust,0.16
PublicTest_43275871.jpg,happy,Sad,0.16
PrivateTest_5717248.jpg,sad,Fear,0.17
PrivateTest_78090705.jpg,neutral,Angry,0.16
PrivateTest_35937563.jpg,sad,Happy,0.20
PrivateTest_20968344.jpg,neutral,Fear,0.17
PrivateTest_65956173.jpg,fear,Happy,0.16
PublicTest_96527788.jpg,happy,Fear,0.17
PublicTest_47191174.jpg,sad,Fear,0.17
PrivateTest_58942471.jpg,sad,Angry,0.17
PublicTest_61158536.jpg,angry,Angry,0.18
PublicTest_5882653.jpg,happy,Angry,0.17
PrivateTest_5594100.jpg,sad,Disgust,0.16
PrivateTest_11501834.jpg,surprise,Happy,0.15
PrivateTest_21197746.jpg,surprise,Fear,0.16
PrivateTest_69738419.jpg,happy,Sad,0.16
PublicTest_36417383.jpg,neutral,Sad,0.16
PublicTest_64414749.jpg,happy,Angry,0.16
PrivateTest_42595639.jpg,happy,Fear,0.19
PublicTest_11980817.jpg,fear,Fear,0.17
PublicTest_57588626.jpg,fear,Fear,0.16
PrivateTest_91618618.jpg,fear,Disgust,0.17
PublicTest_57570036.jpg,surprise,Sad,0.16
PublicTest_47761948.jpg,sad,Fear,0.16
PublicTest_73443038.jpg,happy,Angry,0.17
PrivateTest_58001197.jpg,angry,Angry,0.16
PublicTest_19754150.jpg,happy,Fear,0.17
PrivateTest_23400117.jpg,happy,Sad,0.19
PrivateTest_91946755.jpg,surprise,Sad,0.16
PrivateTest_26538918.jpg,sad,Angry,0.16
PrivateTest_2409840.jpg,neutral,Angry,0.17
PublicTest_58656041.jpg,neutral,Fear,0.16
PrivateTest_13593494.jpg,sad,Angry,0.17
PublicTest_26506006.jpg,angry,Fear,0.17
PublicTest_74024215.jpg,fear,Sad,0.15
PublicTest_20103075.jpg,fear,Angry,0.16
PrivateTest_35198928.jpg,angry,Fear,0.18
PublicTest_85457087.jpg,happy,Fear,0.18
PrivateTest_42512268.jpg,fear,Fear,0.18
PrivateTest_30329445.jpg,surprise,Disgust,0.15
PublicTest_35914921.jpg,neutral,Disgust,0.17
PublicTest_98143629.jpg,sad,Angry,0.16
PublicTest_39920252.jpg,sad,Fear,0.16
PublicTest_27318961.jpg,angry,Neutral,0.16
PrivateTest_46290479.jpg,surprise,Fear,0.15
PrivateTest_76235773.jpg,surprise,Disgust,0.17
PublicTest_13547400.jpg,neutral,Angry,0.16
PrivateTest_84558655.jpg,happy,Fear,0.17
PrivateTest_89884834.jpg,fear,Angry,0.16
PublicTest_97902387.jpg,surprise,Disgust,0.17
PrivateTest_55776357.jpg,sad,Fear,0.16
PublicTest_62765556.jpg,sad,Disgust,0.16
PublicTest_78248169.jpg,surprise,Disgust,0.16
PrivateTest_53140409.jpg,sad,Fear,0.19
PrivateTest_57245161.jpg,sad,Angry,0.17
PublicTest_63397672.jpg,sad,Angry,0.16
PublicTest_19003002.jpg,happy,Fear,0.15
PublicTest_52359086.jpg,surprise,Happy,0.15
PrivateTest_2552088.jpg,sad,Fear,0.19
PrivateTest_74313024.jpg,neutral,Angry,0.17
PublicTest_22935346.jpg,sad,Angry,0.16
PublicTest_60996780.jpg,fear,Surprise,0.16
PrivateTest_25503161.jpg,neutral,Angry,0.16
PrivateTest_75809662.jpg,happy,Angry,0.17
PublicTest_2489773.jpg,angry,Fear,0.16
PublicTest_69096583.jpg,neutral,Disgust,0.15
PrivateTest_6982107.jpg,sad,Fear,0.17
PrivateTest_77110455.jpg,fear,Angry,0.16
PrivateTest_25532192.jpg,surprise,Fear,0.16
PublicTest_10150476.jpg,fear,Disgust,0.17
PublicTest_2291252.jpg,sad,Angry,0.15
PublicTest_73985173.jpg,surprise,Sad,0.16
PrivateTest_24828491.jpg,fear,Sad,0.15
PublicTest_5287444.jpg,happy,Fear,0.18
PrivateTest_2775163.jpg,angry,Angry,0.18
PublicTest_71400238.jpg,happy,Fear,0.17
PublicTest_17317594.jpg,happy,Fear,0.17
PrivateTest_1161501.jpg,fear,Surprise,0.19
PrivateTest_78691628.jpg,neutral,Angry,0.17
PrivateTest_52264422.jpg,neutral,Fear,0.16
PublicTest_79766546.jpg,fear,Fear,0.16
PrivateTest_10767287.jpg,neutral,Angry,0.16
PublicTest_46143386.jpg,happy,Happy,0.15
PublicTest_32644585.jpg,sad,Fear,0.17
PrivateTest_97438118.jpg,fear,Angry,0.20
PublicTest_75795367.jpg,neutral,Fear,0.16
PublicTest_9140888.jpg,fear,Fear,0.17
PublicTest_69137863.jpg,surprise,Angry,0.16
PublicTest_36465312.jpg,surprise,Angry,0.17
PublicTest_64619420.jpg,surprise,Disgust,0.16
PrivateTest_21138422.jpg,neutral,Angry,0.16
PublicTest_64448661.jpg,happy,Angry,0.17
PrivateTest_10629254.jpg,fear,Happy,0.18
PrivateTest_68764754.jpg,neutral,Angry,0.18
PublicTest_36836824.jpg,angry,Angry,0.16
PrivateTest_58522921.jpg,surprise,Angry,0.17
PublicTest_48170323.jpg,happy,Fear,0.19
PrivateTest_6742348.jpg,fear,Angry,0.16
PrivateTest_75867430.jpg,neutral,Angry,0.16
PublicTest_31868973.jpg,happy,Fear,0.20
PublicTest_15917705.jpg,neutral,Disgust,0.16
PublicTest_86810004.jpg,surprise,Fear,0.15
PublicTest_17116818.jpg,angry,Disgust,0.15
PrivateTest_58466317.jpg,angry,Angry,0.16
PublicTest_72145841.jpg,happy,Fear,0.17
PublicTest_57163272.jpg,neutral,Fear,0.17
PublicTest_94232097.jpg,fear,Angry,0.17
PrivateTest_87994706.jpg,fear,Fear,0.15
PrivateTest_45765115.jpg,happy,Fear,0.17
PrivateTest_49249671.jpg,fear,Fear,0.17
PublicTest_49119556.jpg,happy,Neutral,0.16
PrivateTest_30360811.jpg,happy,Angry,0.17
PublicTest_2494010.jpg,happy,Fear,0.18
PrivateTest_32421186.jpg,neutral,Fear,0.17
PublicTest_26204727.jpg,sad,Fear,0.17
PublicTest_15288557.jpg,fear,Fear,0.17
PublicTest_22477942.jpg,happy,Fear,0.18
PublicTest_7588518.jpg,neutral,Angry,0.18
PublicTest_79887521.jpg,angry,Fear,0.17
PublicTest_76999798.jpg,sad,Disgust,0.17
PublicTest_34288814.jpg,neutral,Fear,0.19
PrivateTest_20037888.jpg,fear,Sad,0.16
PublicTest_37717440.jpg,happy,Disgust,0.16
PrivateTest_35924144.jpg,fear,Sad,0.16
PrivateTest_83117015.jpg,happy,Angry,0.17
PublicTest_56887879.jpg,happy,Fear,0.18
PrivateTest_86387731.jpg,happy,Fear,0.16
PublicTest_26383670.jpg,happy,Sad,0.16
PublicTest_60510521.jpg,sad,Angry,0.16
PrivateTest_58167262.jpg,happy,Sad,0.15
PublicTest_96081587.jpg,happy,Angry,0.17
PrivateTest_68441227.jpg,sad,Fear,0.16
PrivateTest_68557811.jpg,angry,Fear,0.17
PublicTest_65820617.jpg,angry,Fear,0.17
PrivateTest_25055299.jpg,happy,Fear,0.17
PrivateTest_71760509.jpg,happy,Fear,0.16
PublicTest_74209270.jpg,angry,Angry,0.16
PublicTest_24773421.jpg,neutral,Fear,0.15
PublicTest_69592237.jpg,happy,Angry,0.16
PrivateTest_61868930.jpg,happy,Fear,0.18
PublicTest_82601897.jpg,sad,Fear,0.16
PublicTest_91839163.jpg,fear,Disgust,0.15
PrivateTest_18748017.jpg,happy,Fear,0.16
PublicTest_93678137.jpg,neutral,Disgust,0.18
PrivateTest_10427382.jpg,surprise,Disgust,0.16
PublicTest_88731382.jpg,fear,Fear,0.16
PublicTest_39019852.jpg,neutral,Happy,0.16
PublicTest_92242142.jpg,surprise,Angry,0.16
PrivateTest_62979698.jpg,fear,Angry,0.17
PrivateTest_56061331.jpg,neutral,Sad,0.15
PrivateTest_62067922.jpg,fear,Angry,0.17
PublicTest_56379288.jpg,sad,Angry,0.17
PrivateTest_30347635.jpg,sad,Angry,0.16
PrivateTest_88933199.jpg,angry,Fear,0.16
PublicTest_69118674.jpg,happy,Fear,0.19
PublicTest_29475577.jpg,sad,Fear,0.18
PrivateTest_71429384.jpg,angry,Angry,0.18
PrivateTest_29475740.jpg,sad,Disgust,0.16
PrivateTest_35732235.jpg,surprise,Fear,0.16
PublicTest_90965793.jpg,sad,Fear,0.17
PrivateTest_59648800.jpg,sad,Angry,0.16
PrivateTest_52181196.jpg,happy,Disgust,0.17
PrivateTest_66293987.jpg,happy,Fear,0.18
PrivateTest_73205039.jpg,surprise,Disgust,0.16
PublicTest_82982986.jpg,sad,Fear,0.18
PublicTest_5212595.jpg,happy,Angry,0.16
PrivateTest_48016910.jpg,surprise,Angry,0.16
PublicTest_45859307.jpg,happy,Angry,0.17
PrivateTest_9549216.jpg,happy,Fear,0.16
PublicTest_16001813.jpg,sad,Angry,0.16
PublicTest_32121334.jpg,fear,Angry,0.17
PublicTest_96351143.jpg,neutral,Fear,0.17
PrivateTest_94809551.jpg,surprise,Sad,0.16
PrivateTest_1809180.jpg,angry,Angry,0.16
PrivateTest_29668485.jpg,neutral,Disgust,0.18
PrivateTest_4712911.jpg,fear,Disgust,0.16
PublicTest_54133282.jpg,sad,Sad,0.16
PublicTest_90532579.jpg,sad,Angry,0.16
PublicTest_44039271.jpg,neutral,Disgust,0.18
PublicTest_35838312.jpg,surprise,Fear,0.17
PublicTest_64033113.jpg,angry,Angry,0.17
PublicTest_14790723.jpg,neutral,Sad,0.18
PublicTest_41743385.jpg,fear,Sad,0.16
PublicTest_53850550.jpg,happy,Angry,0.17
PrivateTest_40404994.jpg,surprise,Angry,0.16
PrivateTest_86563903.jpg,angry,Fear,0.17
PublicTest_99053302.jpg,fear,Angry,0.16
PrivateTest_56424911.jpg,sad,Fear,0.17
PublicTest_16769769.jpg,neutral,Angry,0.18
PrivateTest_93375336.jpg,fear,Fear,0.16
PrivateTest_32113514.jpg,fear,Angry,0.16
PrivateTest_71422115.jpg,neutral,Fear,0.16
PublicTest_93750598.jpg,angry,Angry,0.17
PrivateTest_7041966.jpg,happy,Angry,0.17
PrivateTest_89129667.jpg,fear,Neutral,0.16
PrivateTest_67569297.jpg,sad,Angry,0.16
PrivateTest_40087698.jpg,angry,Fear,0.17
PublicTest_23643566.jpg,angry,Angry,0.18
PrivateTest_36248019.jpg,happy,Fear,0.17
PublicTest_22003953.jpg,fear,Angry,0.16
PublicTest_51742224.jpg,neutral,Angry,0.16
PrivateTest_58131759.jpg,happy,Sad,0.16
PublicTest_50392408.jpg,happy,Disgust,0.16
PublicTest_20668878.jpg,sad,Fear,0.18
PublicTest_31534814.jpg,happy,Angry,0.15
PrivateTest_87342811.jpg,happy,Fear,0.17
PrivateTest_79186661.jpg,happy,Angry,0.17
PublicTest_58002713.jpg,fear,Disgust,0.15
PublicTest_30139396.jpg,fear,Angry,0.16
PublicTest_80753326.jpg,happy,Sad,0.18
PublicTest_58396869.jpg,fear,Angry,0.17
PublicTest_34725898.jpg,fear,Sad,0.16
PublicTest_82254087.jpg,happy,Angry,0.18
PublicTest_33361245.jpg,angry,Fear,0.16
PrivateTest_55564530.jpg,angry,Angry,0.16
PrivateTest_26861770.jpg,happy,Fear,0.18
PublicTest_65021363.jpg,angry,Sad,0.15
PublicTest_24691289.jpg,neutral,Angry,0.18
PublicTest_76661542.jpg,sad,Fear,0.16
PrivateTest_75926683.jpg,neutral,Angry,0.18
PublicTest_73434044.jpg,fear,Angry,0.15
PublicTest_15640368.jpg,neutral,Fear,0.16
PrivateTest_2501190.jpg,happy,Disgust,0.18
PublicTest_22516549.jpg,angry,Angry,0.16
PrivateTest_99936598.jpg,fear,Angry,0.17
PublicTest_49264937.jpg,angry,Angry,0.18
PrivateTest_52863251.jpg,happy,Fear,0.18
PrivateTest_23048354.jpg,surprise,Fear,0.15
PrivateTest_66836766.jpg,fear,Angry,0.17
PublicTest_50511069.jpg,sad,Angry,0.16
PublicTest_36631182.jpg,angry,Disgust,0.17
PrivateTest_77995781.jpg,neutral,Disgust,0.16
PublicTest_25092940.jpg,angry,Angry,0.17
PublicTest_51178509.jpg,sad,Fear,0.17
PublicTest_66896111.jpg,sad,Fear,0.18
PrivateTest_2480725.jpg,sad,Fear,0.16
PublicTest_12838222.jpg,sad,Sad,0.16
PrivateTest_2390435.jpg,happy,Disgust,0.16
PrivateTest_44923343.jpg,angry,Fear,0.16
PrivateTest_71946344.jpg,neutral,Angry,0.16
PublicTest_78766606.jpg,fear,Fear,0.19
PrivateTest_96832606.jpg,neutral,Angry,0.17
PrivateTest_70112594.jpg,angry,Angry,0.17
PrivateTest_63058159.jpg,fear,Fear,0.16
PublicTest_40202990.jpg,angry,Fear,0.16
PublicTest_72576934.jpg,fear,Fear,0.15
PrivateTest_93541885.jpg,sad,Sad,0.16
PrivateTest_71233422.jpg,neutral,Disgust,0.18
PrivateTest_79763324.jpg,happy,Fear,0.17
PublicTest_59561045.jpg,fear,Fear,0.17
PublicTest_47189437.jpg,sad,Angry,0.18
PrivateTest_13638190.jpg,happy,Fear,0.16
PrivateTest_8808891.jpg,sad,Angry,0.17
PublicTest_91909656.jpg,happy,Fear,0.17
PublicTest_25053327.jpg,surprise,Fear,0.17
PrivateTest_90330103.jpg,happy,Sad,0.18
PrivateTest_62630976.jpg,angry,Surprise,0.16
PublicTest_7797976.jpg,happy,Angry,0.18
PrivateTest_92552521.jpg,happy,Angry,0.18
PrivateTest_40374609.jpg,happy,Angry,0.17
PublicTest_66901645.jpg,happy,Fear,0.19
PrivateTest_76073861.jpg,happy,Fear,0.17
PrivateTest_42170787.jpg,fear,Angry,0.17
PublicTest_43113063.jpg,neutral,Angry,0.17
PublicTest_28485599.jpg,disgust,Angry,0.17
PublicTest_47997171.jpg,angry,Disgust,0.15
PrivateTest_59347947.jpg,surprise,Sad,0.16
PublicTest_29733316.jpg,neutral,Angry,0.18
PrivateTest_26378686.jpg,surprise,Fear,0.16
PublicTest_80604057.jpg,fear,Angry,0.16
PrivateTest_62518326.jpg,neutral,Disgust,0.17
PublicTest_31961008.jpg,happy,Fear,0.16
PublicTest_74006209.jpg,happy,Angry,0.17
PublicTest_47502306.jpg,fear,Disgust,0.16
PrivateTest_76185285.jpg,neutral,Angry,0.16
PublicTest_52218367.jpg,sad,Angry,0.17
PublicTest_24150762.jpg,angry,Angry,0.17
PrivateTest_91738489.jpg,neutral,Fear,0.17
PrivateTest_20682905.jpg,neutral,Disgust,0.17
PublicTest_3620949.jpg,angry,Happy,0.17
PrivateTest_46037321.jpg,neutral,Angry,0.17
PublicTest_96375410.jpg,neutral,Fear,0.18
PublicTest_36823992.jpg,happy,Fear,0.18
PublicTest_15712657.jpg,surprise,Fear,0.16
PrivateTest_92514405.jpg,happy,Sad,0.17
PublicTest_64680248.jpg,angry,Angry,0.17
PublicTest_46377137.jpg,neutral,Angry,0.16
PrivateTest_98816692.jpg,sad,Fear,0.17
PrivateTest_61214664.jpg,fear,Disgust,0.17
PrivateTest_8089222.jpg,sad,Angry,0.17
PublicTest_87517191.jpg,neutral,Fear,0.18
PrivateTest_58564335.jpg,surprise,Sad,0.16
PrivateTest_10470092.jpg,happy,Angry,0.16
PrivateTest_61455454.jpg,happy,Fear,0.18
PublicTest_5691968.jpg,sad,Fear,0.15
PublicTest_88046230.jpg,surprise,Sad,0.17
PublicTest_2473254.jpg,fear,Disgust,0.19
PublicTest_96402798.jpg,happy,Angry,0.17
PrivateTest_49611775.jpg,fear,Fear,0.17
PrivateTest_932822.jpg,neutral,Fear,0.17
PrivateTest_70607106.jpg,neutral,Angry,0.17
PrivateTest_43420384.jpg,fear,Surprise,0.16
PublicTest_53331541.jpg,neutral,Sad,0.15
PrivateTest_731447.jpg,angry,Sad,0.15
PrivateTest_14548043.jpg,happy,Disgust,0.17
PrivateTest_3333329.jpg,happy,Fear,0.18
PublicTest_10813312.jpg,angry,Angry,0.16
PublicTest_5767290.jpg,angry,Fear,0.16
PrivateTest_47084428.jpg,sad,Fear,0.17
PublicTest_6385751.jpg,angry,Fear,0.16
PrivateTest_76810954.jpg,happy,Angry,0.17
PublicTest_3168890.jpg,angry,Fear,0.17
PrivateTest_82190293.jpg,happy,Fear,0.16
PublicTest_77372831.jpg,fear,Angry,0.17
PrivateTest_87205190.jpg,fear,Sad,0.16
PublicTest_10116449.jpg,angry,Fear,0.17
PublicTest_25538177.jpg,fear,Angry,0.17
PrivateTest_96395145.jpg,happy,Angry,0.16
PrivateTest_43044676.jpg,fear,Fear,0.16
PublicTest_99399200.jpg,happy,Angry,0.17
PrivateTest_7339158.jpg,happy,Fear,0.17
PublicTest_85787847.jpg,neutral,Angry,0.17
PrivateTest_66979643.jpg,fear,Sad,0.17
PrivateTest_26522899.jpg,sad,Disgust,0.16
PrivateTest_19864965.jpg,happy,Fear,0.18
PublicTest_43011794.jpg,sad,Fear,0.19
PrivateTest_99697348.jpg,sad,Disgust,0.17
PublicTest_79534348.jpg,disgust,Sad,0.16
PrivateTest_97560128.jpg,neutral,Angry,0.17
PrivateTest_7040657.jpg,happy,Fear,0.16
PublicTest_75052431.jpg,happy,Disgust,0.17
PublicTest_65309766.jpg,happy,Angry,0.18
PublicTest_94143318.jpg,angry,Fear,0.18
PrivateTest_74671264.jpg,happy,Angry,0.16
PrivateTest_37307809.jpg,neutral,Disgust,0.16
PrivateTest_914251.jpg,surprise,Happy,0.16
PrivateTest_79160293.jpg,sad,Sad,0.17
PublicTest_97265242.jpg,neutral,Angry,0.18
PublicTest_12725760.jpg,neutral,Fear,0.17
PrivateTest_82849971.jpg,angry,Fear,0.17
PrivateTest_86483004.jpg,angry,Fear,0.17
PublicTest_71358939.jpg,neutral,Fear,0.17
PrivateTest_22978039.jpg,neutral,Fear,0.15
PrivateTest_82781232.jpg,happy,Angry,0.18
PrivateTest_94966354.jpg,happy,Fear,0.16
PublicTest_8018896.jpg,sad,Angry,0.15
PublicTest_16035970.jpg,sad,Fear,0.18
PublicTest_93658944.jpg,happy,Disgust,0.17
PrivateTest_66126840.jpg,neutral,Fear,0.17
PrivateTest_93686328.jpg,surprise,Sad,0.17
PublicTest_32156077.jpg,neutral,Angry,0.17
PublicTest_49898176.jpg,angry,Angry,0.17
PublicTest_68423633.jpg,surprise,Disgust,0.18
PrivateTest_54646331.jpg,happy,Fear,0.17
PublicTest_87821224.jpg,angry,Fear,0.17
PrivateTest_22714167.jpg,sad,Angry,0.16
PrivateTest_32430628.jpg,surprise,Fear,0.19
PrivateTest_92454929.jpg,happy,Fear,0.18
PublicTest_98768812.jpg,angry,Angry,0.17
PublicTest_34166920.jpg,surprise,Angry,0.17
PublicTest_8970135.jpg,happy,Angry,0.16
PublicTest_70868923.jpg,disgust,Fear,0.16
PrivateTest_71620539.jpg,sad,Fear,0.17
PublicTest_72939097.jpg,sad,Fear,0.16
PublicTest_72269762.jpg,happy,Disgust,0.16
PublicTest_23665766.jpg,happy,Fear,0.17
PublicTest_54175608.jpg,happy,Angry,0.18
PrivateTest_4874882.jpg,neutral,Fear,0.17
PrivateTest_17634420.jpg,sad,Fear,0.18
PublicTest_15564000.jpg,happy,Sad,0.16
PublicTest_51339548.jpg,fear,Angry,0.17
PublicTest_34897889.jpg,surprise,Fear,0.16
PublicTest_22093964.jpg,sad,Angry,0.16
PrivateTest_99063465.jpg,neutral,Angry,0.17
PrivateTest_83943648.jpg,fear,Angry,0.15
PublicTest_87222808.jpg,happy,Angry,0.16
PublicTest_39817717.jpg,sad,Fear,0.16
PublicTest_12186725.jpg,surprise,Sad,0.16
PublicTest_9116046.jpg,sad,Angry,0.17
PrivateTest_56252993.jpg,angry,Disgust,0.17
PublicTest_85476276.jpg,sad,Fear,0.17
PrivateTest_84124278.jpg,happy,Sad,0.16
PrivateTest_14881899.jpg,sad,Fear,0.17
PrivateTest_60542064.jpg,neutral,Angry,0.16
PublicTest_18695448.jpg,fear,Sad,0.16
PrivateTest_6862393.jpg,surprise,Fear,0.16
PrivateTest_43537573.jpg,angry,Angry,0.17
PrivateTest_52798737.jpg,sad,Fear,0.17
PrivateTest_37544891.jpg,sad,Angry,0.16
PublicTest_69107577.jpg,sad,Fear,0.15
PublicTest_87715051.jpg,happy,Disgust,0.17
PublicTest_3604561.jpg,fear,Fear,0.17
PrivateTest_50761632.jpg,fear,Sad,0.18
PrivateTest_39146457.jpg,surprise,Disgust,0.17
PublicTest_50685895.jpg,angry,Fear,0.16
PrivateTest_21693402.jpg,happy,Angry,0.18
PrivateTest_58681009.jpg,fear,Fear,0.17
PublicTest_13280750.jpg,happy,Disgust,0.16
PublicTest_60435499.jpg,sad,Happy,0.16
PrivateTest_63782303.jpg,happy,Disgust,0.16
PrivateTest_69389869.jpg,angry,Angry,0.16
PrivateTest_30304461.jpg,fear,Angry,0.16
PublicTest_32055462.jpg,surprise,Angry,0.16
PrivateTest_72990169.jpg,sad,Angry,0.16
PublicTest_69194031.jpg,angry,Sad,0.16
PrivateTest_77173489.jpg,neutral,Angry,0.17
PrivateTest_39402661.jpg,angry,Disgust,0.17
PrivateTest_43570474.jpg,sad,Fear,0.17
PrivateTest_31565397.jpg,fear,Disgust,0.16
PublicTest_44296746.jpg,fear,Happy,0.16
PrivateTest_87143512.jpg,happy,Fear,0.18
PrivateTest_59253566.jpg,fear,Disgust,0.18
PrivateTest_10613684.jpg,happy,Fear,0.17
PublicTest_79434954.jpg,angry,Angry,0.18
PublicTest_35266346.jpg,surprise,Fear,0.15
PublicTest_57914938.jpg,happy,Sad,0.17
PrivateTest_94181840.jpg,happy,Fear,0.17
PrivateTest_47752858.jpg,neutral,Fear,0.18
PublicTest_48156348.jpg,angry,Sad,0.16
PrivateTest_8320849.jpg,neutral,Fear,0.18
PrivateTest_84405194.jpg,happy,Fear,0.17
PublicTest_47196221.jpg,fear,Angry,0.17
PublicTest_3565829.jpg,fear,Sad,0.16
PublicTest_40027557.jpg,neutral,Fear,0.16
